{
    "music": 0.0009259259095415473,
    "sfx": 0.29629629850387573
}