{
    "music": 0.3916666805744171,
    "sfx": 0.18796296417713165
}