{
    "music": 0.18796296417713165,
    "sfx": 0.23888888955116272
}