{
    "music": 0.17777778208255768,
    "sfx": 0.510185182094574
}