{
    "music": 0.11759259551763535,
    "sfx": 0.18796296417713165
}