{
    "fullscreen": false,
    "music": 0.35185185074806213,
    "sfx": 0.48148149251937866,
    "tutorials": true
}