{
    "music": 0.13425925374031067,
    "sfx": 0.18796296417713165
}