{
    "music": 0.4277777671813965,
    "sfx": 0.9425926208496094
}