{
    "music": 0.13611111044883728,
    "sfx": 0.29629629850387573
}