{
    "health": 0.6000000238418579,
    "level": 1,
    "momentum": 0.9200000166893005,
    "progress": 0,
    "rewind": true,
    "skip": true,
    "stop": true
}