{
    "health": 0.6000000238418579,
    "level": 3,
    "momentum": 0.9100000262260437,
    "progress": 0,
    "rewind": true,
    "skip": true,
    "stop": true
}