{
    "health": 0.699999988079071,
    "level": 2,
    "momentum": 0.699999988079071,
    "progress": 1,
    "rewind": true,
    "skip": true,
    "stop": true
}