{
    "goals": [
        {
            "position": [
                800.0,
                200.0
            ],
            "size": [
                100.0,
                200.0
            ]
        }
    ],
    "player": {
        "position": [
            450,
            300
        ]
    },
    "rooms": [
        {
            "1": {
                "doors": [
                    {
                        "position": [
                            700,
                            400,
                            100,
                            200
                        ]
                    }
                ],
                "enemies": [
                    {
                        "heavy": [
                            {
                                "position": [
                                    906.0,
                                    548.4000244140625
                                ]
                            },
                            {
                                "position": [
                                    906.0,
                                    548.4000244140625
                                ]
                            }
                        ]
                    }
                ]
            }
        },
        {
            "2": {
                "doors": [
                    {
                        "position": [
                            1400,
                            200,
                            100,
                            200
                        ]
                    }
                ],
                "enemies": [
                    {
                        "heavy": [
                            {
                                "position": [
                                    915.5999755859375,
                                    181.20001220703125
                                ]
                            },
                            {
                                "position": [
                                    915.5999755859375,
                                    181.20001220703125
                                ]
                            }
                        ],
                        "light": [
                            {
                                "position": [
                                    952.7999877929688,
                                    361.20001220703125
                                ]
                            }
                        ]
                    }
                ]
            }
        },
        {
            "3": {
                "doors": [
                    {
                        "position": [
                            1800,
                            100,
                            100,
                            100
                        ]
                    }
                ],
                "enemies": []
            }
        },
        {
            "4": {
                "doors": [
                    {
                        "position": [
                            1200,
                            600,
                            200,
                            100
                        ]
                    }
                ],
                "enemies": [
                    {
                        "light": [
                            {
                                "position": [
                                    1501.012451171875,
                                    817.2033081054688
                                ]
                            },
                            {
                                "position": [
                                    1353.4124755859375,
                                    885.603271484375
                                ]
                            },
                            {
                                "position": [
                                    1153.012451171875,
                                    829.2033081054688
                                ]
                            }
                        ]
                    }
                ]
            }
        }
    ],
    "walls": [
        {
            "wall1": [
                200,
                100,
                600,
                100
            ],
            "wall2": [
                -200,
                600,
                100,
                100
            ],
            "wall3": [
                200,
                200,
                100,
                500
            ],
            "wall4": [
                300,
                600,
                500,
                100
            ]
        }
    ]
}